{"experiment": "undamped_no_fourier", "N": 5120, "t_max": 20.0, "k": 12, "seed": 42, "w_list": [1.0, 1.0, 1.0, 1.0, 1.0, 1.0, 1.0, 1.0, 1.0, 1.0, 1.0, 1.0], "zeta_list": [0.0, 0.0, 0.0, 0.0, 0.0, 0.0, 0.0, 0.0, 0.0, 0.0, 0.0, 0.0], "mu_list": [0.0, 0.0, 0.0, 0.0, 0.0, 0.0, 0.0, 0.0, 0.0, 0.0, 0.0, 0.0], "forcing_freq": [[], [], [], [3], [3], [6], [3, 12], [2, 4, 5], [2, 3, 4, 5, 6], [3, 6, 9, 12, 15], [6, 9, 18, 21], [3, 6, 9, 12, 15, 18, 21, 24]], "forcing_coef": [[], [], [], [1.0], [-0.25], [1.0], [0.7739560485559633, 0.4388784397520523], [0.5723986132742549, 0.46491201937290927, 0.06278489859176635], [0.3902489406547024, 0.3044558807961412, 0.31442572211078157, 0.051245453070218355, 0.18015437515822685], [0.1483192096930325, 0.3707059955394407, 0.25754604803226583, 0.329104645308332, 0.17736567953093246], [0.11361936089238844, 0.2772923935079174, 0.03190862805208766, 0.41381558599629104], [0.1579160997805162, 0.18952193502134346, 0.08863149203246709, 0.24267450609872582, 0.22328028033054942, 0.19459587426844047, 0.048659676962991893, 0.11668025093175854]], "ic_python_list": [[1.0, 0.0], [1.5, 0.0], [0.5, 0.0], [1.2, 0.0], [0.5, 0.0], [1.0, 0.0], [0.0, 0.0], [0.0, 0.0], [0.0, 0.0], [0.0, 0.0], [0.0, 0.0], [0.0, 0.0]], "lr": 0.001, "num_iter": 15000, "step_size": 1000, "gamma": 0.96, "w_ode": 1.5, "w_ic": 1, "method": "equally-spaced-noisy", "hidden_layers": [256, 256, 512], "use_sine": false, "use_fourier": false, "n_frequencies": null, "scale": null, "bias": true}