{"experiment": "overdamped_nonlinear", "N": 5120, "t_max": 20.0, "k": 10, "seed": 42, "w_list": [1.0, 1.0, 1.0, 1.0, 1.0, 1.0, 1.0, 1.0, 1.0, 1.0], "zeta_list": [10.0, 20.0, 30.0, 40.0, 10.0, 20.0, 30.0, 40.0, 10.0, 20.0], "mu_list": [[0, 0, 0, 0], [0, 0, 0, 0], [0, 0, 0, 0], [0, 0, 0, 0], [0, 0, 0, 0], [0, 0, 0, 0], [0, 0, 0, 0], [0, 0, 0, 0], [0, 0, 0, 0], [0, 0, 0, 0]], "forcing_freq": [[0], [0], [0], [0], [0], [0], [0], [0], [0], [0]], "forcing_coef": [[1.5479120971119267], [0.8777568795041046], [1.717195839822765], [1.3947360581187278], [0.18835469577529906], [1.9512447032735118], [1.522279403980706], [1.5721286105539076], [0.25622726535109175], [0.9007718757911343]], "ic_python_list": [[1.0, 0.0], [1.0, 0.0], [1.0, 0.0], [1.0, 0.0], [1.0, 0.0], [1.0, 0.0], [1.0, 0.0], [1.0, 0.0], [1.0, 0.0], [1.0, 0.0]], "lr": 0.001, "num_iter": 25000, "step_size": 800, "gamma": 0.96, "w_ode": 1.5, "w_ic": 1, "method": "equally-spaced-noisy", "hidden_layers": [128, 128, 256], "use_sine": false, "use_fourier": false, "n_frequencies": null, "scale": null, "bias": true}