{"experiment": "underdamped_k12", "N": 5120, "t_max": 20.0, "k": 12, "seed": 42, "w_list": [1.0, 1.0, 1.0, 1.0, 1.0, 1.0, 1.0, 1.0, 1.0, 1.0, 1.0, 1.0], "zeta_list": [0.05, 0.1, 0.2, 0.05, 0.1, 0.5, 0.05, 0.1, 0.3, 0.05, 0.2, 0.1], "mu_list": [0.0, 0.0, 0.0, 0.0, 0.0, 0.0, 3, 3, 3, 5, 5, 8], "forcing_freq": [[0], [0], [1.0], [1.0], [1.0], [3.0], [1.0, 3.0], [1.0, 3.0], [1, 3, 5, 8], [8, 11, 14], [3, 5, 15], [3, 5, 18]], "forcing_coef": [[0], [0], [1.0], [1.0], [1.0], [2.0], [0.7739560485559633, 0.4388784397520523], [0.8585979199113825, 0.6973680290593639], [0.047088673943824766, 0.48781117581837796, 0.3805698509951765, 0.3930321526384769], [0.08540908845036391, 0.3002572919303781, 0.2471986828217208], [0.6178433258990679, 0.4292434133871097, 0.5485077421805533], [0.2956094658848874, 0.15149248118985126, 0.36972319134388987]], "ic_python_list": [[0.5, 0.0], [1.0, 0.0], [1.0, 0.0], [3.0, 0.0], [1.0, 0.0], [1.5, 0.0], [0.5, 0.0], [0.0, 0.0], [0.0, 0.0], [0.0, 0.0], [0.0, 0.0], [0.0, 0.0]], "lr": 0.001, "num_iter": 10000, "step_size": 500, "gamma": 0.96, "w_ode": 1.5, "w_ic": 1, "method": "equally-spaced-noisy", "hidden_layers": [128, 128, 256], "use_sine": true, "use_fourier": true, "n_frequencies": 16, "scale": 1.0, "bias": true}