{"experiment": "overderdamped_k14", "N": 8000, "t_max": 25.0, "k": 14, "seed": 42, "w_list": [1.0, 1.0, 1.0, 1.0, 1.0, 1.0, 1.0, 1.0, 1.0, 1.0, 1.0, 1.0, 1.0, 1.0], "zeta_list": [5.0, 10.0, 20.0, 30.0, 40.0, 50.0, 60.0, 5.0, 30.0, 60.0, 10.0, 30.0, 40.0, 60.0], "mu_list": [[0, 0, 0, 0], [0, 0, 0, 0], [0, 0, 0, 0], [0, 0, 0, 0], [0, 0, 0, 0], [0, 0, 0, 0], [0, 0, 0, 0], [1, 0, 0, 1], [1, 0, 0, 1], [1, 0, 0, 1], [3, 2, 1, 3], [3, 1, 2, 3], [1, 0, 0, 1], [3, 0, 0, 3]], "forcing_freq": [[1], [1], [1], [1], [1], [1], [1], [1], [1], [1], [1], [1], [3], [5]], "forcing_coef": [[1.5479120971119267], [0.8777568795041046], [1.717195839822765], [1.3947360581187278], [0.18835469577529906], [1.9512447032735118], [1.522279403980706], [1.5721286105539076], [0.25622726535109175], [0.9007718757911343], [0.7415960484651625], [1.8535299776972036], [1.287730240161329], [1.64552322654166]], "ic_python_list": [[2.0, 0.0], [1.0, 0.0], [3.0, 0.0], [3.0, 0.0], [2.0, 0.0], [1.0, 0.0], [2.0, 0.0], [0.0, 0.0], [0.0, 0.0], [0.0, 0.0], [1.5, 0.0], [1.0, 0.0], [2.0, 0.0], [1.0, 0.0]], "lr": 0.001, "num_iter": 20000, "step_size": 800, "gamma": 0.96, "w_ode": 1.5, "w_ic": 1, "method": "equally-spaced-noisy", "hidden_layers": [128, 128, 256], "use_sine": true, "use_fourier": false, "n_frequencies": null, "scale": null, "bias": true}